use practicointegrador;

--- 2) INSERCION DE DATOS (mínimo 100):
--- Inserta algunos registros en la tabla "Productos".
--- Inserta algunos registros en la tabla "Clientes".
--- Inserta algunos registros en la tabla "Compras".


--- Tabla Producto

INSERT INTO `Producto` (`idProducto`, `nombre`, `precio`, `stock`) VALUES (1, 'Producto 1', 10.99, 50);
INSERT INTO `Producto` (`idProducto`, `nombre`, `precio`, `stock`) VALUES (2, 'Producto 2', 15.99, 30);
INSERT INTO `Producto` (`idProducto`, `nombre`, `precio`, `stock`) VALUES (3, 'Producto 3', 5.99, 20);
INSERT INTO `Producto` (`idProducto`, `nombre`, `precio`, `stock`) VALUES (4, 'Producto 4', 8.99, 10);
INSERT INTO `Producto` (`idProducto`, `nombre`, `precio`, `stock`) VALUES (5, 'Producto 5', 12.99, 15);
INSERT INTO `Producto` (`idProducto`, `nombre`, `precio`, `stock`) VALUES (6, 'Producto 6', 9.99, 25);
INSERT INTO `Producto` (`idProducto`, `nombre`, `precio`, `stock`) VALUES (7, 'Producto 7', 7.99, 40);
INSERT INTO `Producto` (`idProducto`, `nombre`, `precio`, `stock`) VALUES (8, 'Producto 8', 6.99, 5);
INSERT INTO `Producto` (`idProducto`, `nombre`, `precio`, `stock`) VALUES (9, 'Producto 9', 14.99, 12);
INSERT INTO `Producto` (`idProducto`, `nombre`, `precio`, `stock`) VALUES (10, 'Producto 10', 11.99, 18);
INSERT INTO `Producto` (`idProducto`, `nombre`, `precio`, `stock`) VALUES (11, 'Producto 11', 9.99, 22);
INSERT INTO `Producto` (`idProducto`, `nombre`, `precio`, `stock`) VALUES (12, 'Producto 12', 4.99, 9);
INSERT INTO `Producto` (`idProducto`, `nombre`, `precio`, `stock`) VALUES (13, 'Producto 13', 6.99, 35);
INSERT INTO `Producto` (`idProducto`, `nombre`, `precio`, `stock`) VALUES (14, 'Producto 14', 11.99, 17);
INSERT INTO `Producto` (`idProducto`, `nombre`, `precio`, `stock`) VALUES (15, 'Producto 15', 8.99, 23);
INSERT INTO `Producto` (`idProducto`, `nombre`, `precio`, `stock`) VALUES (16, 'Producto 16', 13.99, 14);
INSERT INTO `Producto` (`idProducto`, `nombre`, `precio`, `stock`) VALUES (17, 'Producto 17', 5.99, 8);
INSERT INTO `Producto` (`idProducto`, `nombre`, `precio`, `stock`) VALUES (18, 'Producto 18', 10.99, 27);
INSERT INTO `Producto` (`idProducto`, `nombre`, `precio`, `stock`) VALUES (19, 'Producto 19', 7.99, 33);
INSERT INTO `Producto` (`idProducto`, `nombre`, `precio`, `stock`) VALUES (20, 'Producto 20', 9.99, 21);
INSERT INTO `Producto` (`idProducto`, `nombre`, `precio`, `stock`) VALUES (21, 'Producto 21', 12.99, 11);
INSERT INTO `Producto` (`idProducto`, `nombre`, `precio`, `stock`) VALUES (22, 'Producto 22', 11.99, 29);
INSERT INTO `Producto` (`idProducto`, `nombre`, `precio`, `stock`) VALUES (23, 'Producto 23', 9.99, 25);
INSERT INTO `Producto` (`idProducto`, `nombre`, `precio`, `stock`) VALUES (24, 'Producto 24', 6.99, 14);
INSERT INTO `Producto` (`idProducto`, `nombre`, `precio`, `stock`) VALUES (25, 'Producto 25', 13.99, 12);
INSERT INTO `Producto` (`idProducto`, `nombre`, `precio`, `stock`) VALUES (26, 'Producto 26', 10.99, 25);
INSERT INTO `Producto` (`idProducto`, `nombre`, `precio`, `stock`) VALUES (27, 'Producto 27', 8.99, 16);
INSERT INTO `Producto` (`idProducto`, `nombre`, `precio`, `stock`) VALUES (28, 'Producto 28', 12.99, 19);
INSERT INTO `Producto` (`idProducto`, `nombre`, `precio`, `stock`) VALUES (29, 'Producto 29', 7.99, 27);
INSERT INTO `Producto` (`idProducto`, `nombre`, `precio`, `stock`) VALUES (30, 'Producto 30', 9.99, 14);
INSERT INTO `Producto` (`idProducto`, `nombre`, `precio`, `stock`) VALUES (31, 'Producto 31', 15.99, 10);
INSERT INTO `Producto` (`idProducto`, `nombre`, `precio`, `stock`) VALUES (32, 'Producto 32', 10.99, 26);
INSERT INTO `Producto` (`idProducto`, `nombre`, `precio`, `stock`) VALUES (33, 'Producto 33', 6.99, 13);
INSERT INTO `Producto` (`idProducto`, `nombre`, `precio`, `stock`) VALUES (34, 'Producto 34', 11.99, 21);
INSERT INTO `Producto` (`idProducto`, `nombre`, `precio`, `stock`) VALUES (35, 'Producto 35', 9.99, 18);
INSERT INTO `Producto` (`idProducto`, `nombre`, `precio`, `stock`) VALUES (36, 'Producto 36', 13.99, 17);
INSERT INTO `Producto` (`idProducto`, `nombre`, `precio`, `stock`) VALUES (37, 'Producto 37', 10.99, 23);
INSERT INTO `Producto` (`idProducto`, `nombre`, `precio`, `stock`) VALUES (38, 'Producto 38', 8.99, 15);
INSERT INTO `Producto` (`idProducto`, `nombre`, `precio`, `stock`) VALUES (39, 'Producto 39', 12.99, 21);
INSERT INTO `Producto` (`idProducto`, `nombre`, `precio`, `stock`) VALUES (40, 'Producto 40', 7.99, 30);
INSERT INTO `Producto` (`idProducto`, `nombre`, `precio`, `stock`) VALUES (41, 'Producto 41', 9.99, 17);
INSERT INTO `Producto` (`idProducto`, `nombre`, `precio`, `stock`) VALUES (42, 'Producto 42', 15.99, 11);
INSERT INTO `Producto` (`idProducto`, `nombre`, `precio`, `stock`) VALUES (43, 'Producto 43', 10.99, 26);
INSERT INTO `Producto` (`idProducto`, `nombre`, `precio`, `stock`) VALUES (44, 'Producto 44', 6.99, 13);
INSERT INTO `Producto` (`idProducto`, `nombre`, `precio`, `stock`) VALUES (45, 'Producto 45', 11.99, 21);
INSERT INTO `Producto` (`idProducto`, `nombre`, `precio`, `stock`) VALUES (46, 'Producto 46', 9.99, 18);
INSERT INTO `Producto` (`idProducto`, `nombre`, `precio`, `stock`) VALUES (47, 'Producto 47', 13.99, 17);
INSERT INTO `Producto` (`idProducto`, `nombre`, `precio`, `stock`) VALUES (48, 'Producto 48', 10.99, 23);
INSERT INTO `Producto` (`idProducto`, `nombre`, `precio`, `stock`) VALUES (49, 'Producto 49', 8.99, 15);
INSERT INTO `Producto` (`idProducto`, `nombre`, `precio`, `stock`) VALUES (50, 'Producto 50', 12.99, 21);
INSERT INTO `Producto` (`idProducto`, `nombre`, `precio`, `stock`) VALUES (51, 'Producto 51', 7.99, 30);
INSERT INTO `Producto` (`idProducto`, `nombre`, `precio`, `stock`) VALUES (52, 'Producto 52', 9.99, 17);
INSERT INTO `Producto` (`idProducto`, `nombre`, `precio`, `stock`) VALUES (53, 'Producto 53', 15.99, 11);
INSERT INTO `Producto` (`idProducto`, `nombre`, `precio`, `stock`) VALUES (54, 'Producto 54', 10.99, 26);
INSERT INTO `Producto` (`idProducto`, `nombre`, `precio`, `stock`) VALUES (55, 'Producto 55', 6.99, 13);
INSERT INTO `Producto` (`idProducto`, `nombre`, `precio`, `stock`) VALUES (56, 'Producto 56', 11.99, 21);
INSERT INTO `Producto` (`idProducto`, `nombre`, `precio`, `stock`) VALUES (57, 'Producto 57', 9.99, 18);
INSERT INTO `Producto` (`idProducto`, `nombre`, `precio`, `stock`) VALUES (58, 'Producto 58', 13.99, 17);
INSERT INTO `Producto` (`idProducto`, `nombre`, `precio`, `stock`) VALUES (59, 'Producto 59', 10.99, 23);
INSERT INTO `Producto` (`idProducto`, `nombre`, `precio`, `stock`) VALUES (60, 'Producto 60', 8.99, 15);
INSERT INTO `Producto` (`idProducto`, `nombre`, `precio`, `stock`) VALUES (61, 'Producto 61', 12.99, 21);
INSERT INTO `Producto` (`idProducto`, `nombre`, `precio`, `stock`) VALUES (62, 'Producto 62', 7.99, 30);
INSERT INTO `Producto` (`idProducto`, `nombre`, `precio`, `stock`) VALUES (63, 'Producto 63', 9.99, 17);
INSERT INTO `Producto` (`idProducto`, `nombre`, `precio`, `stock`) VALUES (64, 'Producto 64', 15.99, 11);
INSERT INTO `Producto` (`idProducto`, `nombre`, `precio`, `stock`) VALUES (65, 'Producto 65', 10.99, 26);
INSERT INTO `Producto` (`idProducto`, `nombre`, `precio`, `stock`) VALUES (66, 'Producto 66', 6.99, 13);
INSERT INTO `Producto` (`idProducto`, `nombre`, `precio`, `stock`) VALUES (67, 'Producto 67', 11.99, 21);
INSERT INTO `Producto` (`idProducto`, `nombre`, `precio`, `stock`) VALUES (68, 'Producto 68', 9.99, 18);
INSERT INTO `Producto` (`idProducto`, `nombre`, `precio`, `stock`) VALUES (69, 'Producto 69', 13.99, 17);
INSERT INTO `Producto` (`idProducto`, `nombre`, `precio`, `stock`) VALUES (70, 'Producto 70', 10.99, 23);
INSERT INTO `Producto` (`idProducto`, `nombre`, `precio`, `stock`) VALUES (71, 'Producto 71', 8.99, 15);
INSERT INTO `Producto` (`idProducto`, `nombre`, `precio`, `stock`) VALUES (72, 'Producto 72', 12.99, 21);
INSERT INTO `Producto` (`idProducto`, `nombre`, `precio`, `stock`) VALUES (73, 'Producto 73', 7.99, 30);
INSERT INTO `Producto` (`idProducto`, `nombre`, `precio`, `stock`) VALUES (74, 'Producto 74', 9.99, 17);
INSERT INTO `Producto` (`idProducto`, `nombre`, `precio`, `stock`) VALUES (75, 'Producto 75', 15.99, 11);
INSERT INTO `Producto` (`idProducto`, `nombre`, `precio`, `stock`) VALUES (76, 'Producto 76', 10.99, 26);
INSERT INTO `Producto` (`idProducto`, `nombre`, `precio`, `stock`) VALUES (77, 'Producto 77', 6.99, 13);
INSERT INTO `Producto` (`idProducto`, `nombre`, `precio`, `stock`) VALUES (78, 'Producto 78', 11.99, 21);
INSERT INTO `Producto` (`idProducto`, `nombre`, `precio`, `stock`) VALUES (79, 'Producto 79', 9.99, 18);
INSERT INTO `Producto` (`idProducto`, `nombre`, `precio`, `stock`) VALUES (80, 'Producto 80', 13.99, 17);
INSERT INTO `Producto` (`idProducto`, `nombre`, `precio`, `stock`) VALUES (81, 'Producto 81', 10.99, 23);
INSERT INTO `Producto` (`idProducto`, `nombre`, `precio`, `stock`) VALUES (82, 'Producto 82', 8.99, 15);
INSERT INTO `Producto` (`idProducto`, `nombre`, `precio`, `stock`) VALUES (83, 'Producto 83', 12.99, 21);
INSERT INTO `Producto` (`idProducto`, `nombre`, `precio`, `stock`) VALUES (84, 'Producto 84', 7.99, 30);
INSERT INTO `Producto` (`idProducto`, `nombre`, `precio`, `stock`) VALUES (85, 'Producto 85', 9.99, 17);
INSERT INTO `Producto` (`idProducto`, `nombre`, `precio`, `stock`) VALUES (86, 'Producto 86', 15.99, 11);
INSERT INTO `Producto` (`idProducto`, `nombre`, `precio`, `stock`) VALUES (87, 'Producto 87', 10.99, 26);
INSERT INTO `Producto` (`idProducto`, `nombre`, `precio`, `stock`) VALUES (88, 'Producto 88', 6.99, 13);
INSERT INTO `Producto` (`idProducto`, `nombre`, `precio`, `stock`) VALUES (89, 'Producto 89', 11.99, 21);
INSERT INTO `Producto` (`idProducto`, `nombre`, `precio`, `stock`) VALUES (90, 'Producto 90', 9.99, 18);
INSERT INTO `Producto` (`idProducto`, `nombre`, `precio`, `stock`) VALUES (91, 'Producto 91', 13.99, 17);
INSERT INTO `Producto` (`idProducto`, `nombre`, `precio`, `stock`) VALUES (92, 'Producto 92', 10.99, 23);
INSERT INTO `Producto` (`idProducto`, `nombre`, `precio`, `stock`) VALUES (93, 'Producto 93', 8.99, 15);
INSERT INTO `Producto` (`idProducto`, `nombre`, `precio`, `stock`) VALUES (94, 'Producto 94', 12.99, 21);
INSERT INTO `Producto` (`idProducto`, `nombre`, `precio`, `stock`) VALUES (95, 'Producto 95', 7.99, 30);
INSERT INTO `Producto` (`idProducto`, `nombre`, `precio`, `stock`) VALUES (96, 'Producto 96', 9.99, 17);
INSERT INTO `Producto` (`idProducto`, `nombre`, `precio`, `stock`) VALUES (97, 'Producto 97', 15.99, 11);
INSERT INTO `Producto` (`idProducto`, `nombre`, `precio`, `stock`) VALUES (98, 'Producto 98', 10.99, 26);
INSERT INTO `Producto` (`idProducto`, `nombre`, `precio`, `stock`) VALUES (99, 'Producto 99', 6.99, 13);
INSERT INTO `Producto` (`idProducto`, `nombre`, `precio`, `stock`) VALUES (100, 'Producto 100', 11.99, 21);

--- Tabla Cliente

INSERT INTO `cliente` (`idCliente`, `nombre`, `email`, `direccion`) VALUES (1, 'John Smith', 'john.smith@example.com', '123 Main Street');
INSERT INTO `cliente` (`idCliente`, `nombre`, `email`, `direccion`) VALUES (2, 'Alice Johnson', 'alice.johnson@example.com', '456 Elm Avenue');
INSERT INTO `cliente` (`idCliente`, `nombre`, `email`, `direccion`) VALUES (3, 'Michael Williams', 'michael.williams@example.com', '789 Oak Drive');
INSERT INTO `cliente` (`idCliente`, `nombre`, `email`, `direccion`) VALUES (4, 'Emily Brown', 'emily.brown@example.com', '321 Pine Lane');
INSERT INTO `cliente` (`idCliente`, `nombre`, `email`, `direccion`) VALUES (5, 'David Davis', 'david.davis@example.com', '654 Cedar Road');
INSERT INTO `cliente` (`idCliente`, `nombre`, `email`, `direccion`) VALUES (6, 'Emma Wilson', 'emma.wilson@example.com', '987 Birch Street');
INSERT INTO `cliente` (`idCliente`, `nombre`, `email`, `direccion`) VALUES (7, 'James Thompson', 'james.thompson@example.com', '1234 Maple Avenue');
INSERT INTO `cliente` (`idCliente`, `nombre`, `email`, `direccion`) VALUES (8, 'Olivia Martinez', 'olivia.martinez@example.com', '5678 Oak Drive');
INSERT INTO `cliente` (`idCliente`, `nombre`, `email`, `direccion`) VALUES (9, 'William Anderson', 'william.anderson@example.com', '9012 Pine Lane');
INSERT INTO `cliente` (`idCliente`, `nombre`, `email`, `direccion`) VALUES (10, 'Sophia Thomas', 'sophia.thomas@example.com', '3456 Cedar Road');
INSERT INTO `cliente` (`idCliente`, `nombre`, `email`, `direccion`) VALUES (11, 'Charles Garcia', 'charles.garcia@example.com', '7890 Birch Street');
INSERT INTO `cliente` (`idCliente`, `nombre`, `email`, `direccion`) VALUES (12, 'Ava Wilson', 'ava.wilson@example.com', '126 Main Street');
INSERT INTO `cliente` (`idCliente`, `nombre`, `email`, `direccion`) VALUES (13, 'Daniel Thompson', 'daniel.thompson@example.com', '456 Elm Avenue');
INSERT INTO `cliente` (`idCliente`, `nombre`, `email`, `direccion`) VALUES (14, 'Mia Martinez', 'mia.martinez@example.com', '789 Oak Drive');
INSERT INTO `cliente` (`idCliente`, `nombre`, `email`, `direccion`) VALUES (15, 'Matthew Davis', 'matthew.davis@example.com', '327 Pine Lane');
INSERT INTO `cliente` (`idCliente`, `nombre`, `email`, `direccion`) VALUES (16, 'Sophia Anderson', 'sophia.anderson@example.com', '654 Cedar Road');
INSERT INTO `cliente` (`idCliente`, `nombre`, `email`, `direccion`) VALUES (17, 'Joseph Brown', 'joseph.brown@example.com', '987 Birch Street');
INSERT INTO `cliente` (`idCliente`, `nombre`, `email`, `direccion`) VALUES (18, 'Ella Garcia', 'ella.garcia@example.com', '1234 Maple Avenue');
INSERT INTO `cliente` (`idCliente`, `nombre`, `email`, `direccion`) VALUES (19, 'Samuel Wilson', 'samuel.wilson@example.com', '5678 Oak Drive');
INSERT INTO `cliente` (`idCliente`, `nombre`, `email`, `direccion`) VALUES (20, 'Avery Thompson', 'avery.thompson@example.com', '9012 Pine Lane');
INSERT INTO `cliente` (`idCliente`, `nombre`, `email`, `direccion`) VALUES (21, 'Victoria Thomas', 'victoria.thomas@example.com', '3456 Cedar Road');
INSERT INTO `cliente` (`idCliente`, `nombre`, `email`, `direccion`) VALUES (22, 'Daniel Rodriguez', 'daniel.rodriguez@example.com', '7890 Birch Street');
INSERT INTO `cliente` (`idCliente`, `nombre`, `email`, `direccion`) VALUES (23, 'Sofia Hernandez', 'sofia.hernandez@example.com', '123 Main Street');
INSERT INTO `cliente` (`idCliente`, `nombre`, `email`, `direccion`) VALUES (24, 'Benjamin Lopez', 'benjamin.lopez@example.com', '456 Elm Avenue');
INSERT INTO `cliente` (`idCliente`, `nombre`, `email`, `direccion`) VALUES (25, 'Chloe Adams', 'chloe.adams@example.com', '789 Oak Drive');
INSERT INTO `cliente` (`idCliente`, `nombre`, `email`, `direccion`) VALUES (26, 'Samuel Green', 'samuel.green@example.com', '321 Pine Lane');
INSERT INTO `cliente` (`idCliente`, `nombre`, `email`, `direccion`) VALUES (27, 'Elizabeth Lee', 'elizabeth.lee@example.com', '654 Cedar Road');
INSERT INTO `cliente` (`idCliente`, `nombre`, `email`, `direccion`) VALUES (28, 'Henry Turner', 'henry.turner@example.com', '987 Birch Street');
INSERT INTO `cliente` (`idCliente`, `nombre`, `email`, `direccion`) VALUES (29, 'Grace Hill', 'grace.hill@example.com', '1234 Maple Avenue');
INSERT INTO `cliente` (`idCliente`, `nombre`, `email`, `direccion`) VALUES (30, 'Jackson Scott', 'jackson.scott@example.com', '5678 Oak Drive');
INSERT INTO `cliente` (`idCliente`, `nombre`, `email`, `direccion`) VALUES (31, 'Scarlett Martinez', 'scarlett.martinez@example.com', '9012 Pine Lane');
INSERT INTO `cliente` (`idCliente`, `nombre`, `email`, `direccion`) VALUES (32, 'Liam Mitchell', 'liam.mitchell@example.com', '3456 Cedar Road');
INSERT INTO `cliente` (`idCliente`, `nombre`, `email`, `direccion`) VALUES (33, 'Avery Collins', 'avery.collins@example.com', '7890 Birch Street');
INSERT INTO `cliente` (`idCliente`, `nombre`, `email`, `direccion`) VALUES (34, 'Aiden Young', 'aiden.young@example.com', '123 Main Street');
INSERT INTO `cliente` (`idCliente`, `nombre`, `email`, `direccion`) VALUES (35, 'Nora Clark', 'nora.clark@example.com', '456 Elm Avenue');
INSERT INTO `cliente` (`idCliente`, `nombre`, `email`, `direccion`) VALUES (36, 'Ethan Baker', 'ethan.baker@example.com', '789 Oak Drive');
INSERT INTO `cliente` (`idCliente`, `nombre`, `email`, `direccion`) VALUES (37, 'Mila Hill', 'mila.hill@example.com', '321 Pine Lane');
INSERT INTO `cliente` (`idCliente`, `nombre`, `email`, `direccion`) VALUES (38, 'Lucas Lewis', 'lucas.lewis@example.com', '654 Cedar Road');
INSERT INTO `cliente` (`idCliente`, `nombre`, `email`, `direccion`) VALUES (39, 'Luna Turner', 'luna.turner@example.com', '987 Birch Street');
INSERT INTO `cliente` (`idCliente`, `nombre`, `email`, `direccion`) VALUES (40, 'Logan Walker', 'logan.walker@example.com', '1234 Maple Avenue');
INSERT INTO `cliente` (`idCliente`, `nombre`, `email`, `direccion`) VALUES (41, 'Layla Mitchell', 'layla.mitchell@example.com', '5678 Oak Drive');
INSERT INTO `cliente` (`idCliente`, `nombre`, `email`, `direccion`) VALUES (42, 'Carter Murphy', 'carter.murphy@example.com', '9012 Pine Lane');
INSERT INTO `cliente` (`idCliente`, `nombre`, `email`, `direccion`) VALUES (43, 'Penelope Collins', 'penelope.collins@example.com', '3456 Cedar Road');
INSERT INTO `cliente` (`idCliente`, `nombre`, `email`, `direccion`) VALUES (44, 'Gabriel Foster', 'gabriel.foster@example.com', '7890 Birch Street');
INSERT INTO `cliente` (`idCliente`, `nombre`, `email`, `direccion`) VALUES (45, 'Harper Adams', 'harper.adams@example.com', '123 Main Street');
INSERT INTO `cliente` (`idCliente`, `nombre`, `email`, `direccion`) VALUES (46, 'Elijah Nelson', 'elijah.nelson@example.com', '456 Elm Avenue');
INSERT INTO `cliente` (`idCliente`, `nombre`, `email`, `direccion`) VALUES (47, 'Scarlett Garcia', 'scarlett.garcia@example.com', '789 Oak Drive');
INSERT INTO `cliente` (`idCliente`, `nombre`, `email`, `direccion`) VALUES (48, 'Levi Wright', 'levi.wright@example.com', '321 Pine Lane');
INSERT INTO `cliente` (`idCliente`, `nombre`, `email`, `direccion`) VALUES (49, 'Aria Mitchell', 'aria.mitchell@example.com', '654 Cedar Road');
INSERT INTO `cliente` (`idCliente`, `nombre`, `email`, `direccion`) VALUES (50, 'Oliver Taylor', 'oliver.taylor@example.com', '987 Birch Street');
INSERT INTO `cliente` (`idCliente`, `nombre`, `email`, `direccion`) VALUES (51, 'Amelia Turner', 'amelia.turner@example.com', '1234 Maple Avenue');
INSERT INTO `cliente` (`idCliente`, `nombre`, `email`, `direccion`) VALUES (52, 'Mason White', 'mason.white@example.com', '5678 Oak Drive');
INSERT INTO `cliente` (`idCliente`, `nombre`, `email`, `direccion`) VALUES (53, 'Evelyn Hall', 'evelyn.hall@example.com', '9012 Pine Lane');
INSERT INTO `cliente` (`idCliente`, `nombre`, `email`, `direccion`) VALUES (54, 'Caleb Rodriguez', 'caleb.rodriguez@example.com', '3456 Cedar Road');
INSERT INTO `cliente` (`idCliente`, `nombre`, `email`, `direccion`) VALUES (55, 'Emily Martinez', 'emily.martinez@example.com', '7890 Birch Street');
INSERT INTO `cliente` (`idCliente`, `nombre`, `email`, `direccion`) VALUES (56, 'Daniel Scott', 'daniel.scott@example.com', '123 Main Street');
INSERT INTO `cliente` (`idCliente`, `nombre`, `email`, `direccion`) VALUES (57, 'Victoria Allen', 'victoria.allen@example.com', '456 Elm Avenue');
INSERT INTO `cliente` (`idCliente`, `nombre`, `email`, `direccion`) VALUES (58, 'Sebastian Baker', 'sebastian.baker@example.com', '789 Oak Drive');
INSERT INTO `cliente` (`idCliente`, `nombre`, `email`, `direccion`) VALUES (59, 'Madison Hill', 'madison.hill@example.com', '321 Pine Lane');
INSERT INTO `cliente` (`idCliente`, `nombre`, `email`, `direccion`) VALUES (60, 'David Turner', 'david.turner@example.com', '654 Cedar Road');
INSERT INTO `cliente` (`idCliente`, `nombre`, `email`, `direccion`) VALUES (61, 'Sophia Foster', 'sophia.foster@example.com', '987 Birch Street');
INSERT INTO `cliente` (`idCliente`, `nombre`, `email`, `direccion`) VALUES (62, 'Joseph Murphy', 'joseph.murphy@example.com', '1234 Maple Avenue');
INSERT INTO `cliente` (`idCliente`, `nombre`, `email`, `direccion`) VALUES (63, 'Alyssa Mitchell', 'alyssa.mitchell@example.com', '5678 Oak Drive');
INSERT INTO `cliente` (`idCliente`, `nombre`, `email`, `direccion`) VALUES (64, 'Jackson Collins', 'jackson.collins@example.com', '9012 Pine Lane');
INSERT INTO `cliente` (`idCliente`, `nombre`, `email`, `direccion`) VALUES (65, 'Abigail Foster', 'abigail.foster@example.com', '3456 Cedar Road');
INSERT INTO `cliente` (`idCliente`, `nombre`, `email`, `direccion`) VALUES (66, 'Lucas Turner', 'lucas.turner@example.com', '7890 Birch Street');
INSERT INTO `cliente` (`idCliente`, `nombre`, `email`, `direccion`) VALUES (67, 'Emma Rodriguez', 'emma.rodriguez@example.com', '123 Main Street');
INSERT INTO `cliente` (`idCliente`, `nombre`, `email`, `direccion`) VALUES (68, 'Matthew Martinez', 'matthew.martinez@example.com', '456 Elm Avenue');
INSERT INTO `cliente` (`idCliente`, `nombre`, `email`, `direccion`) VALUES (69, 'Ava Lopez', 'ava.lopez@example.com', '789 Oak Drive');
INSERT INTO `cliente` (`idCliente`, `nombre`, `email`, `direccion`) VALUES (70, 'Samuel Turner', 'samuel.turner@example.com', '321 Pine Lane');
INSERT INTO `cliente` (`idCliente`, `nombre`, `email`, `direccion`) VALUES (71, 'Sofia Perez', 'sofia.perez@example.com', '654 Cedar Road');
INSERT INTO `cliente` (`idCliente`, `nombre`, `email`, `direccion`) VALUES (72, 'Benjamin Adams', 'benjamin.adams@example.com', '987 Birch Street');
INSERT INTO `cliente` (`idCliente`, `nombre`, `email`, `direccion`) VALUES (73, 'Avery Clark', 'avery.clark@example.com', '1234 Maple Avenue');
INSERT INTO `cliente` (`idCliente`, `nombre`, `email`, `direccion`) VALUES (74, 'Mia Hill', 'mia.hill@example.com', '5678 Oak Drive');
INSERT INTO `cliente` (`idCliente`, `nombre`, `email`, `direccion`) VALUES (75, 'Ethan White', 'ethan.white@example.com', '9012 Pine Lane');
INSERT INTO `cliente` (`idCliente`, `nombre`, `email`, `direccion`) VALUES (76, 'Scarlett Wright', 'scarlett.wright@example.com', '3456 Cedar Road');
INSERT INTO `cliente` (`idCliente`, `nombre`, `email`, `direccion`) VALUES (77, 'James Foster', 'james.foster@example.com', '7890 Birch Street');
INSERT INTO `cliente` (`idCliente`, `nombre`, `email`, `direccion`) VALUES (78, 'Chloe Murphy', 'chloe.murphy@example.com', '123 Main Street');
INSERT INTO `cliente` (`idCliente`, `nombre`, `email`, `direccion`) VALUES (79, 'Jacob Collins', 'jacob.collins@example.com', '456 Elm Avenue');
INSERT INTO `cliente` (`idCliente`, `nombre`, `email`, `direccion`) VALUES (80, 'Lily Turner', 'lily.turner@example.com', '789 Oak Drive');
INSERT INTO `cliente` (`idCliente`, `nombre`, `email`, `direccion`) VALUES (81, 'Alexander Rodriguez', 'alexander.rodriguez@example.com', '321 Pine Lane');
INSERT INTO `cliente` (`idCliente`, `nombre`, `email`, `direccion`) VALUES (82, 'Natalie Martinez', 'natalie.martinez@example.com', '654 Cedar Road');
INSERT INTO `cliente` (`idCliente`, `nombre`, `email`, `direccion`) VALUES (83, 'Elijah Lopez', 'elijah.lopez@example.com', '987 Birch Street');
INSERT INTO `cliente` (`idCliente`, `nombre`, `email`, `direccion`) VALUES (84, 'Grace Adams', 'grace.adams@example.com', '1234 Maple Avenue');
INSERT INTO `cliente` (`idCliente`, `nombre`, `email`, `direccion`) VALUES (85, 'Sophia Clark', 'sophia.clark@example.com', '5678 Oak Drive');
INSERT INTO `cliente` (`idCliente`, `nombre`, `email`, `direccion`) VALUES (86, 'Aiden Hill', 'aiden.hill@example.com', '9012 Pine Lane');
INSERT INTO `cliente` (`idCliente`, `nombre`, `email`, `direccion`) VALUES (87, 'Avery Wright', 'avery.wright@example.com', '3456 Cedar Road');
INSERT INTO `cliente` (`idCliente`, `nombre`, `email`, `direccion`) VALUES (88, 'Mia Foster', 'mia.foster@example.com', '7890 Birch Street');
INSERT INTO `cliente` (`idCliente`, `nombre`, `email`, `direccion`) VALUES (89, 'Liam Adams', 'liam.adams@example.com', '123 Main Street');
INSERT INTO `cliente` (`idCliente`, `nombre`, `email`, `direccion`) VALUES (90, 'Olivia Clark', 'olivia.clark@example.com', '456 Elm Avenue');
INSERT INTO `cliente` (`idCliente`, `nombre`, `email`, `direccion`) VALUES (91, 'Noah Hill', 'noah.hill@example.com', '789 Oak Drive');
INSERT INTO `cliente` (`idCliente`, `nombre`, `email`, `direccion`) VALUES (92, 'Isabella Wright', 'isabella.wright@example.com', '321 Pine Lane');
INSERT INTO `cliente` (`idCliente`, `nombre`, `email`, `direccion`) VALUES (93, 'Sophia Foster', 'sophia.foster@example.com', '654 Cedar Road');
INSERT INTO `cliente` (`idCliente`, `nombre`, `email`, `direccion`) VALUES (94, 'Jackson Murphy', 'jackson.murphy@example.com', '987 Birch Street');
INSERT INTO `cliente` (`idCliente`, `nombre`, `email`, `direccion`) VALUES (95, 'Aiden Mitchell', 'aiden.mitchell@example.com', '1234 Maple Avenue');
INSERT INTO `cliente` (`idCliente`, `nombre`, `email`, `direccion`) VALUES (96, 'Emma Collins', 'emma.collins@example.com', '5678 Oak Drive');
INSERT INTO `cliente` (`idCliente`, `nombre`, `email`, `direccion`) VALUES (97, 'Lucas Hill', 'lucas.hill@example.com', '9012 Pine Lane');
INSERT INTO `cliente` (`idCliente`, `nombre`, `email`, `direccion`) VALUES (98, 'Avery Turner', 'avery.turner@example.com', '3456 Cedar Road');
INSERT INTO `cliente` (`idCliente`, `nombre`, `email`, `direccion`) VALUES (99, 'Mia Rodriguez', 'mia.rodriguez@example.com', '7890 Birch Street');
INSERT INTO `cliente` (`idCliente`, `nombre`, `email`, `direccion`) VALUES (100, 'Ethan Murphy', 'ethan.murphy@example.com', '123 Main Street');

--- Tabla Compra

INSERT INTO `Compra` (`idCompra`, `idCliente`, `cantidad`, `fecha`, `idProducto`) VALUES (1, 1, 2, '2023-06-18 10:30:00', 1);
INSERT INTO `Compra` (`idCompra`, `idCliente`, `cantidad`, `fecha`, `idProducto`) VALUES (2, 2, 1, '2023-06-18 11:15:00', 5);
INSERT INTO `Compra` (`idCompra`, `idCliente`, `cantidad`, `fecha`, `idProducto`) VALUES (3, 3, 3, '2023-06-18 12:00:00', 3);
INSERT INTO `Compra` (`idCompra`, `idCliente`, `cantidad`, `fecha`, `idProducto`) VALUES (4, 4, 1, '2023-06-18 13:45:00', 8);
INSERT INTO `Compra` (`idCompra`, `idCliente`, `cantidad`, `fecha`, `idProducto`) VALUES (5, 5, 2, '2023-06-18 14:30:00', 9);
INSERT INTO `Compra` (`idCompra`, `idCliente`, `cantidad`, `fecha`, `idProducto`) VALUES (6, 6, 1, '2023-06-18 15:15:00', 12);
INSERT INTO `Compra` (`idCompra`, `idCliente`, `cantidad`, `fecha`, `idProducto`) VALUES (7, 7, 3, '2023-06-18 16:00:00', 34);
INSERT INTO `Compra` (`idCompra`, `idCliente`, `cantidad`, `fecha`, `idProducto`) VALUES (8, 8, 2, '2023-06-18 16:45:00', 8);
INSERT INTO `Compra` (`idCompra`, `idCliente`, `cantidad`, `fecha`, `idProducto`) VALUES (9, 9, 1, '2023-06-18 17:30:00', 9);
INSERT INTO `Compra` (`idCompra`, `idCliente`, `cantidad`, `fecha`, `idProducto`) VALUES (10, 10, 3, '2023-06-18 18:15:00', 23);
INSERT INTO `Compra` (`idCompra`, `idCliente`, `cantidad`, `fecha`, `idProducto`) VALUES (11, 11, 2, '2023-06-18 19:00:00', 24);
INSERT INTO `Compra` (`idCompra`, `idCliente`, `cantidad`, `fecha`, `idProducto`) VALUES (12, 12, 1, '2023-06-18 19:45:00', 17);
INSERT INTO `Compra` (`idCompra`, `idCliente`, `cantidad`, `fecha`, `idProducto`) VALUES (13, 13, 3, '2023-06-18 20:30:00', 31);
INSERT INTO `Compra` (`idCompra`, `idCliente`, `cantidad`, `fecha`, `idProducto`) VALUES (14, 14, 2, '2023-06-18 21:15:00', 29);
INSERT INTO `Compra` (`idCompra`, `idCliente`, `cantidad`, `fecha`, `idProducto`) VALUES (15, 15, 1, '2023-06-18 22.10:00' , 8);
INSERT INTO `Compra` (`idCompra`, `idCliente`, `cantidad`, `fecha`, `idProducto`) VALUES (16, 16, 3, '2023-06-18 22:45:00', 11);
INSERT INTO `Compra` (`idCompra`, `idCliente`, `cantidad`, `fecha`, `idProducto`) VALUES (17, 17, 2, '2023-06-18 23:30:00', 7);
INSERT INTO `Compra` (`idCompra`, `idCliente`, `cantidad`, `fecha`, `idProducto`) VALUES (18, 18, 1, '2023-06-19 00:15:00', 4);
INSERT INTO `Compra` (`idCompra`, `idCliente`, `cantidad`, `fecha`, `idProducto`) VALUES (19, 19, 3, '2023-06-19 01:00:00', 32);
INSERT INTO `Compra` (`idCompra`, `idCliente`, `cantidad`, `fecha`, `idProducto`) VALUES (20, 20, 2, '2023-06-19 01:45:00', 21);
INSERT INTO `Compra` (`idCompra`, `idCliente`, `cantidad`, `fecha`, `idProducto`) VALUES (21, 21, 1, '2023-06-19 02:30:00', 16);
INSERT INTO `Compra` (`idCompra`, `idCliente`, `cantidad`, `fecha`, `idProducto`) VALUES (22, 22, 3, '2023-06-19 03:15:00', 25);
INSERT INTO `Compra` (`idCompra`, `idCliente`, `cantidad`, `fecha`, `idProducto`) VALUES (23, 23, 2, '2023-06-19 04:00:00', 18);
INSERT INTO `Compra` (`idCompra`, `idCliente`, `cantidad`, `fecha`, `idProducto`) VALUES (24, 24, 1, '2023-06-19 04:45:00', 14);
INSERT INTO `Compra` (`idCompra`, `idCliente`, `cantidad`, `fecha`, `idProducto`) VALUES (25, 25, 3, '2023-06-19 05:30:00', 22);
INSERT INTO `Compra` (`idCompra`, `idCliente`, `cantidad`, `fecha`, `idProducto`) VALUES (26, 26, 2, '2023-06-19 06:15:00', 9);
INSERT INTO `Compra` (`idCompra`, `idCliente`, `cantidad`, `fecha`, `idProducto`) VALUES (27, 27, 1, '2023-06-19 07:00:00', 6);
INSERT INTO `Compra` (`idCompra`, `idCliente`, `cantidad`, `fecha`, `idProducto`) VALUES (28, 28, 3, '2023-06-19 07:45:00', 12);
INSERT INTO `Compra` (`idCompra`, `idCliente`, `cantidad`, `fecha`, `idProducto`) VALUES (29, 29, 2, '2023-06-19 08:30:00', 27);
INSERT INTO `Compra` (`idCompra`, `idCliente`, `cantidad`, `fecha`, `idProducto`) VALUES (30, 30, 1, '2023-06-19 09:15:00', 8);
INSERT INTO `Compra` (`idCompra`, `idCliente`, `cantidad`, `fecha`, `idProducto`) VALUES (31, 31, 3, '2023-06-19 10:00:00', 17);
INSERT INTO `Compra` (`idCompra`, `idCliente`, `cantidad`, `fecha`, `idProducto`) VALUES (32, 32, 2, '2023-06-19 10:45:00', 23);
INSERT INTO `Compra` (`idCompra`, `idCliente`, `cantidad`, `fecha`, `idProducto`) VALUES (33, 33, 1, '2023-06-19 11:30:00', 5);
INSERT INTO `Compra` (`idCompra`, `idCliente`, `cantidad`, `fecha`, `idProducto`) VALUES (34, 34, 3, '2023-06-19 12:15:00', 20);
INSERT INTO `Compra` (`idCompra`, `idCliente`, `cantidad`, `fecha`, `idProducto`) VALUES (35, 35, 2, '2023-06-19 13:00:00', 15);
INSERT INTO `Compra` (`idCompra`, `idCliente`, `cantidad`, `fecha`, `idProducto`) VALUES (36, 36, 1, '2023-06-19 13:45:00', 10);
INSERT INTO `Compra` (`idCompra`, `idCliente`, `cantidad`, `fecha`, `idProducto`) VALUES (37, 37, 3, '2023-06-19 14:30:00', 18);
INSERT INTO `Compra` (`idCompra`, `idCliente`, `cantidad`, `fecha`, `idProducto`) VALUES (38, 38, 2, '2023-06-19 15:15:00', 28);
INSERT INTO `Compra` (`idCompra`, `idCliente`, `cantidad`, `fecha`, `idProducto`) VALUES (39, 39, 1, '2023-06-19 16:00:00', 7);
INSERT INTO `Compra` (`idCompra`, `idCliente`, `cantidad`, `fecha`, `idProducto`) VALUES (40, 40, 3, '2023-06-19 16:45:00', 13);
INSERT INTO `Compra` (`idCompra`, `idCliente`, `cantidad`, `fecha`, `idProducto`) VALUES (41, 41, 2, '2023-06-19 17:30:00', 22);
INSERT INTO `Compra` (`idCompra`, `idCliente`, `cantidad`, `fecha`, `idProducto`) VALUES (42, 42, 1, '2023-06-19 18:15:00', 4);
INSERT INTO `Compra` (`idCompra`, `idCliente`, `cantidad`, `fecha`, `idProducto`) VALUES (43, 43, 3, '2023-06-19 19:00:00', 19);
INSERT INTO `Compra` (`idCompra`, `idCliente`, `cantidad`, `fecha`, `idProducto`) VALUES (44, 44, 2, '2023-06-19 19:45:00', 24);
INSERT INTO `Compra` (`idCompra`, `idCliente`, `cantidad`, `fecha`, `idProducto`) VALUES (45, 45, 1, '2023-06-19 20:30:00', 11);
INSERT INTO `Compra` (`idCompra`, `idCliente`, `cantidad`, `fecha`, `idProducto`) VALUES (46, 46, 2, '2023-06-20 09:00:00', 16);
INSERT INTO `Compra` (`idCompra`, `idCliente`, `cantidad`, `fecha`, `idProducto`) VALUES (47, 47, 1, '2023-06-20 10:30:00', 9);
INSERT INTO `Compra` (`idCompra`, `idCliente`, `cantidad`, `fecha`, `idProducto`) VALUES (48, 48, 3, '2023-06-20 11:45:00', 23);
INSERT INTO `Compra` (`idCompra`, `idCliente`, `cantidad`, `fecha`, `idProducto`) VALUES (49, 49, 2, '2023-06-20 13:15:00', 8);
INSERT INTO `Compra` (`idCompra`, `idCliente`, `cantidad`, `fecha`, `idProducto`) VALUES (50, 50, 1, '2023-06-20 14:30:00', 14);
INSERT INTO `Compra` (`idCompra`, `idCliente`, `cantidad`, `fecha`, `idProducto`) VALUES (51, 51, 3, '2023-06-20 15:45:00', 27);
INSERT INTO `Compra` (`idCompra`, `idCliente`, `cantidad`, `fecha`, `idProducto`) VALUES (52, 52, 2, '2023-06-20 17:00:00', 5);
INSERT INTO `Compra` (`idCompra`, `idCliente`, `cantidad`, `fecha`, `idProducto`) VALUES (53, 53, 1, '2023-06-20 18:15:00', 21);
INSERT INTO `Compra` (`idCompra`, `idCliente`, `cantidad`, `fecha`, `idProducto`) VALUES (54, 54, 3, '2023-06-20 19:30:00', 26);
INSERT INTO `Compra` (`idCompra`, `idCliente`, `cantidad`, `fecha`, `idProducto`) VALUES (55, 55, 2, '2023-06-20 20:45:00', 12);
INSERT INTO `Compra` (`idCompra`, `idCliente`, `cantidad`, `fecha`, `idProducto`) VALUES (56, 56, 1, '2023-06-21 09:30:00', 17);
INSERT INTO `Compra` (`idCompra`, `idCliente`, `cantidad`, `fecha`, `idProducto`) VALUES (57, 57, 2, '2023-06-21 10:45:00', 11);
INSERT INTO `Compra` (`idCompra`, `idCliente`, `cantidad`, `fecha`, `idProducto`) VALUES (58, 58, 3, '2023-06-21 12:00:00', 19);
INSERT INTO `Compra` (`idCompra`, `idCliente`, `cantidad`, `fecha`, `idProducto`) VALUES (59, 59, 1, '2023-06-21 13:15:00', 13);
INSERT INTO `Compra` (`idCompra`, `idCliente`, `cantidad`, `fecha`, `idProducto`) VALUES (60, 60, 2, '2023-06-21 14:30:00', 22);
INSERT INTO `Compra` (`idCompra`, `idCliente`, `cantidad`, `fecha`, `idProducto`) VALUES (61, 61, 3, '2023-06-21 15:45:00', 25);
INSERT INTO `Compra` (`idCompra`, `idCliente`, `cantidad`, `fecha`, `idProducto`) VALUES (62, 62, 1, '2023-06-21 17:00:00', 10);
INSERT INTO `Compra` (`idCompra`, `idCliente`, `cantidad`, `fecha`, `idProducto`) VALUES (63, 63, 2, '2023-06-21 18:15:00', 18);
INSERT INTO `Compra` (`idCompra`, `idCliente`, `cantidad`, `fecha`, `idProducto`) VALUES (64, 64, 3, '2023-06-21 19:30:00', 24);
INSERT INTO `Compra` (`idCompra`, `idCliente`, `cantidad`, `fecha`, `idProducto`) VALUES (65, 65, 1, '2023-06-21 20:45:00', 15);
INSERT INTO `Compra` (`idCompra`, `idCliente`, `cantidad`, `fecha`, `idProducto`) VALUES (66, 66, 2, '2023-06-22 09:30:00', 12);
INSERT INTO `Compra` (`idCompra`, `idCliente`, `cantidad`, `fecha`, `idProducto`) VALUES (67, 67, 1, '2023-06-22 10:45:00', 20);
INSERT INTO `Compra` (`idCompra`, `idCliente`, `cantidad`, `fecha`, `idProducto`) VALUES (68, 68, 3, '2023-06-22 12:00:00', 14);
INSERT INTO `Compra` (`idCompra`, `idCliente`, `cantidad`, `fecha`, `idProducto`) VALUES (69, 69, 2, '2023-06-22 13:15:00', 23);
INSERT INTO `Compra` (`idCompra`, `idCliente`, `cantidad`, `fecha`, `idProducto`) VALUES (70, 70, 1, '2023-06-22 14:30:00', 16);
INSERT INTO `Compra` (`idCompra`, `idCliente`, `cantidad`, `fecha`, `idProducto`) VALUES (71, 71, 3, '2023-06-22 15:45:00', 21);
INSERT INTO `Compra` (`idCompra`, `idCliente`, `cantidad`, `fecha`, `idProducto`) VALUES (72, 72, 2, '2023-06-22 17:00:00', 26);
INSERT INTO `Compra` (`idCompra`, `idCliente`, `cantidad`, `fecha`, `idProducto`) VALUES (73, 73, 1, '2023-06-22 18:15:00', 10);
INSERT INTO `Compra` (`idCompra`, `idCliente`, `cantidad`, `fecha`, `idProducto`) VALUES (74, 74, 3, '2023-06-22 19:30:00', 19);
INSERT INTO `Compra` (`idCompra`, `idCliente`, `cantidad`, `fecha`, `idProducto`) VALUES (75, 75, 2, '2023-06-22 20:45:00', 17);
INSERT INTO `Compra` (`idCompra`, `idCliente`, `cantidad`, `fecha`, `idProducto`) VALUES (76, 76, 1, '2023-06-23 09:30:00', 15);
INSERT INTO `Compra` (`idCompra`, `idCliente`, `cantidad`, `fecha`, `idProducto`) VALUES (77, 77, 2, '2023-06-23 10:45:00', 18);
INSERT INTO `Compra` (`idCompra`, `idCliente`, `cantidad`, `fecha`, `idProducto`) VALUES (78, 78, 3, '2023-06-23 12:00:00', 22);
INSERT INTO `Compra` (`idCompra`, `idCliente`, `cantidad`, `fecha`, `idProducto`) VALUES (79, 79, 1, '2023-06-23 13:15:00', 11);
INSERT INTO `Compra` (`idCompra`, `idCliente`, `cantidad`, `fecha`, `idProducto`) VALUES (80, 80, 2, '2023-06-23 14:30:00', 24);
INSERT INTO `Compra` (`idCompra`, `idCliente`, `cantidad`, `fecha`, `idProducto`) VALUES (81, 81, 3, '2023-06-23 15:45:00', 25);
INSERT INTO `Compra` (`idCompra`, `idCliente`, `cantidad`, `fecha`, `idProducto`) VALUES (82, 82, 1, '2023-06-23 17:00:00', 13);
INSERT INTO `Compra` (`idCompra`, `idCliente`, `cantidad`, `fecha`, `idProducto`) VALUES (83, 83, 2, '2023-06-23 18:15:00', 20);
INSERT INTO `Compra` (`idCompra`, `idCliente`, `cantidad`, `fecha`, `idProducto`) VALUES (84, 84, 3, '2023-06-23 19:30:00', 16);
INSERT INTO `Compra` (`idCompra`, `idCliente`, `cantidad`, `fecha`, `idProducto`) VALUES (85, 85, 1, '2023-06-23 20:45:00', 14);
INSERT INTO `Compra` (`idCompra`, `idCliente`, `cantidad`, `fecha`, `idProducto`) VALUES (86, 86, 2, '2023-06-24 09:30:00', 19);
INSERT INTO `Compra` (`idCompra`, `idCliente`, `cantidad`, `fecha`, `idProducto`) VALUES (87, 87, 1, '2023-06-24 10:45:00', 12);
INSERT INTO `Compra` (`idCompra`, `idCliente`, `cantidad`, `fecha`, `idProducto`) VALUES (88, 88, 3, '2023-06-24 12:00:00', 21);
INSERT INTO `Compra` (`idCompra`, `idCliente`, `cantidad`, `fecha`, `idProducto`) VALUES (89, 89, 2, '2023-06-24 13:15:00', 17);
INSERT INTO `Compra` (`idCompra`, `idCliente`, `cantidad`, `fecha`, `idProducto`) VALUES (90, 90, 1, '2023-06-24 14:30:00', 23);
INSERT INTO `Compra` (`idCompra`, `idCliente`, `cantidad`, `fecha`, `idProducto`) VALUES (91, 91, 3, '2023-06-24 15:45:00', 26);
INSERT INTO `Compra` (`idCompra`, `idCliente`, `cantidad`, `fecha`, `idProducto`) VALUES (92, 92, 1, '2023-06-24 17:00:00', 15);
INSERT INTO `Compra` (`idCompra`, `idCliente`, `cantidad`, `fecha`, `idProducto`) VALUES (93, 93, 2, '2023-06-24 18:15:00', 18);
INSERT INTO `Compra` (`idCompra`, `idCliente`, `cantidad`, `fecha`, `idProducto`) VALUES (94, 94, 3, '2023-06-24 19:30:00', 22);
INSERT INTO `Compra` (`idCompra`, `idCliente`, `cantidad`, `fecha`, `idProducto`) VALUES (95, 95, 1, '2023-06-24 20:45:00', 11);
INSERT INTO `Compra` (`idCompra`, `idCliente`, `cantidad`, `fecha`, `idProducto`) VALUES (96, 96, 2, '2023-06-25 09:30:00', 14);
INSERT INTO `Compra` (`idCompra`, `idCliente`, `cantidad`, `fecha`, `idProducto`) VALUES (97, 97, 1, '2023-06-25 10:45:00', 16);
INSERT INTO `Compra` (`idCompra`, `idCliente`, `cantidad`, `fecha`, `idProducto`) VALUES (98, 98, 3, '2023-06-25 12:00:00', 19);
INSERT INTO `Compra` (`idCompra`, `idCliente`, `cantidad`, `fecha`, `idProducto`) VALUES (99, 99, 2, '2023-06-25 13:15:00', 21);
INSERT INTO `Compra` (`idCompra`, `idCliente`, `cantidad`, `fecha`, `idProducto`) VALUES (100, 100, 1, '2023-06-25 14:30:00', 23);
INSERT INTO `Compra` (`idCompra`, `idCliente`, `cantidad`, `fecha`, `idProducto`) VALUES (101, 101, 3, '2023-06-25 15:45:00', 25);
INSERT INTO `Compra` (`idCompra`, `idCliente`, `cantidad`, `fecha`, `idProducto`) VALUES (102, 102, 1, '2023-06-25 17:00:00', 27);
INSERT INTO `Compra` (`idCompra`, `idCliente`, `cantidad`, `fecha`, `idProducto`) VALUES (103, 103, 2, '2023-06-25 18:15:00', 29);
INSERT INTO `Compra` (`idCompra`, `idCliente`, `cantidad`, `fecha`, `idProducto`) VALUES (104, 104, 3, '2023-06-25 19:30:00', 31);
INSERT INTO `Compra` (`idCompra`, `idCliente`, `cantidad`, `fecha`, `idProducto`) VALUES (105, 105, 1, '2023-06-25 20:45:00', 33);



